{"cameraMode":{"drawMode":0,"name":"Shaded","section":"Shading Mode"},"sceneLighting":true,"audioPlay":false,"sceneViewState":{"m_AlwaysRefresh":false,"showFog":true,"showSkybox":true,"showFlares":true,"showImageEffects":true,"showParticleSystems":true,"showVisualEffectGraphs":true,"m_FxEnabled":true},"in2DMode":false,"pivot":{"x":12.037219047546387,"y":-1.8770933151245118,"z":-5.18838357925415},"rotation":{"x":0.0004617095401044935,"y":0.9976016879081726,"z":0.0066620646975934509,"w":-0.070127472281456},"size":4.681276798248291,"orthographic":false}