{"cameraMode":{"drawMode":0,"name":"Shaded","section":"Shading Mode"},"sceneLighting":false,"audioPlay":false,"sceneViewState":{"m_AlwaysRefresh":false,"showFog":true,"showSkybox":false,"showFlares":true,"showImageEffects":true,"showParticleSystems":true,"showVisualEffectGraphs":true,"m_FxEnabled":true},"in2DMode":false,"pivot":{"x":-1.2000000476837159,"y":1.1768600940704346,"z":23.399999618530275},"rotation":{"x":-0.44024765491485598,"y":-0.23978228867053986,"z":0.12335781008005142,"w":-0.8564906120300293},"size":2.7881264686584474,"orthographic":false}